id,first_name,last_name,email,gender,ip_address
1,Matt,Hedworth,mhedworth0@etsy.com,Genderqueer,196.99.201.220
2,Sapphire,Carrick,scarrick1@guardian.co.uk,Genderfluid,66.244.5.113
3,Riobard,Jales,rjales2@nhs.uk,Male,188.230.159.229
4,Mackenzie,Dominy,mdominy3@sphinn.com,Agender,199.82.222.54
5,Julia,Bottlestone,jbottlestone4@drupal.org,Male,154.193.162.168
6,Myer,Montgomery,mmontgomery5@statcounter.com,Genderqueer,37.175.94.120
7,Gregorius,O'Fergus,gofergus6@godaddy.com,Genderfluid,169.223.64.199
8,Niccolo,Shovel,nshovel7@php.net,Non-binary,34.147.132.150
9,Drusy,Saintpierre,dsaintpierre8@ehow.com,Genderfluid,173.159.75.131
10,Wren,Boecke,wboecke9@jiathis.com,Polygender,32.93.99.7
11,Tildy,Fittis,tfittisa@unesco.org,Female,141.48.198.37
12,Ike,Gilyott,igilyottb@bing.com,Genderfluid,160.134.2.93
13,Manda,Doogood,mdoogoodc@paginegialle.it,Polygender,169.221.186.63
14,Cherri,McGowing,cmcgowingd@yandex.ru,Agender,66.181.208.137
15,Cathyleen,Ahlf,cahlfe@weather.com,Polygender,63.174.151.60
16,Prudi,Laflin,plaflinf@ow.ly,Genderqueer,168.203.103.54
17,Evonne,Von Brook,evonbrookg@google.pl,Genderqueer,155.121.89.71
18,Gerome,Showalter,gshowalterh@samsung.com,Genderqueer,166.1.88.54
19,Sofie,Brackenridge,sbrackenridgei@alexa.com,Polygender,2.86.195.140
20,Davidson,Falkous,dfalkousj@gizmodo.com,Bigender,13.125.250.100
21,Shaughn,Outlaw,soutlawk@zdnet.com,Non-binary,6.16.237.124
22,Omero,Styan,ostyanl@reddit.com,Genderqueer,178.133.223.118
23,Merline,Risby,mrisbym@hostgator.com,Polygender,115.220.94.207
24,Johanna,Argue,jarguen@mashable.com,Polygender,27.0.201.207
25,Rey,Olifard,rolifardo@fema.gov,Agender,183.64.150.183
26,Adella,McCathy,amccathyp@spotify.com,Genderqueer,161.103.213.208
27,Cirstoforo,Toller,ctollerq@scientificamerican.com,Polygender,221.38.106.107
28,Christiano,Boulter,cboulterr@technorati.com,Polygender,64.238.72.218
29,Maddalena,Domingues,mdominguess@arizona.edu,Bigender,25.138.249.170
30,Andrew,Mounter,amountert@wix.com,Genderqueer,73.39.146.205
31,Waylan,Al Hirsi,walhirsiu@vinaora.com,Non-binary,221.29.108.145
32,Stefano,Gillhespy,sgillhespyv@umn.edu,Genderfluid,189.219.221.59
33,Erena,Perico,epericow@sbwire.com,Female,66.249.55.13
34,Shela,Wrenn,swrennx@sfgate.com,Bigender,17.85.181.4
35,Willa,Reitenbach,wreitenbachy@facebook.com,Non-binary,225.142.243.233
36,Kathryn,Taffley,ktaffleyz@wsj.com,Non-binary,2.37.189.29
37,Ardisj,Arndell,aarndell10@squarespace.com,Genderqueer,125.16.160.236
38,Muhammad,Welbrock,mwelbrock11@delicious.com,Non-binary,165.237.148.50
39,Arri,Mallia,amallia12@soundcloud.com,Male,17.43.97.90
40,Renate,Deeks,rdeeks13@freewebs.com,Bigender,230.236.25.214
41,Esra,Burcher,eburcher14@plala.or.jp,Genderfluid,174.38.207.65
42,Sybyl,De Giorgis,sdegiorgis15@walmart.com,Non-binary,35.178.164.116
43,Aldis,Collerd,acollerd16@goo.gl,Polygender,30.139.154.155
44,Reinald,Rycraft,rrycraft17@businessweek.com,Genderqueer,132.208.235.222
45,Terry,Rudyard,trudyard18@ed.gov,Genderqueer,237.47.34.215
46,Alvis,Orpen,aorpen19@foxnews.com,Polygender,158.47.182.176
47,Gaven,Hakonsen,ghakonsen1a@hud.gov,Genderqueer,94.22.244.67
48,Merrili,Heiton,mheiton1b@vinaora.com,Agender,37.68.75.127
49,Reider,Creber,rcreber1c@digg.com,Agender,167.84.87.250
50,Elissa,Zanotti,ezanotti1d@forbes.com,Non-binary,134.236.193.0
51,Melamie,Drinkwater,mdrinkwater1e@paypal.com,Non-binary,20.89.160.93
52,Amerigo,Grisewood,agrisewood1f@acquirethisname.com,Genderqueer,130.116.90.2
53,Dermot,Brabon,dbrabon1g@hugedomains.com,Polygender,119.29.8.96
54,Caterina,Soares,csoares1h@eventbrite.com,Agender,82.130.123.232
55,Quinton,Mowsley,qmowsley1i@blogger.com,Non-binary,83.76.250.133
56,Kylie,Heeley,kheeley1j@yolasite.com,Genderfluid,67.155.213.231
57,Ashby,Pennini,apennini1k@de.vu,Genderqueer,245.73.23.190
58,Brent,Vearncomb,bvearncomb1l@t-online.de,Agender,208.202.171.161
59,Kay,Feely,kfeely1m@ucla.edu,Agender,154.105.30.47
60,Cordelia,Benasik,cbenasik1n@purevolume.com,Agender,151.5.183.137
61,Stacie,Kingsbury,skingsbury1o@youtube.com,Genderqueer,129.139.190.249
62,Kain,Leggott,kleggott1p@ucoz.ru,Male,211.250.136.226
63,Bertrando,Georgeot,bgeorgeot1q@cbc.ca,Genderqueer,207.126.194.196
64,Kerr,Branchflower,kbranchflower1r@wp.com,Non-binary,54.40.165.210
65,Lynnette,Vandrill,lvandrill1s@indiegogo.com,Male,67.3.85.181
66,Radcliffe,Longfield,rlongfield1t@yellowbook.com,Female,207.239.210.55
67,Josie,Feasby,jfeasby1u@time.com,Female,121.208.73.252
68,Hilliary,Daysh,hdaysh1v@topsy.com,Non-binary,156.203.226.139
69,Blondy,Bummfrey,bbummfrey1w@army.mil,Female,142.239.167.212
70,Noam,Chazelas,nchazelas1x@istockphoto.com,Non-binary,146.214.44.52
71,Sauveur,Perritt,sperritt1y@g.co,Non-binary,243.168.82.120
72,Dannye,Wilcher,dwilcher1z@globo.com,Agender,37.249.109.220
73,Kermie,Colqueran,kcolqueran20@ed.gov,Male,239.141.139.104
74,Horacio,Commings,hcommings21@webmd.com,Female,82.65.212.196
75,Gusti,Shade,gshade22@scientificamerican.com,Female,122.111.57.99
76,Turner,Schwandt,tschwandt23@cbc.ca,Genderqueer,107.44.214.194
77,Agnesse,Elen,aelen24@w3.org,Bigender,245.46.0.167
78,Linet,Babon,lbabon25@globo.com,Genderqueer,205.97.72.241
79,Wylie,M'Barron,wmbarron26@archive.org,Polygender,144.51.127.83
80,Shaylyn,Vallintine,svallintine27@booking.com,Genderqueer,182.164.207.127
81,Cassy,Bennedick,cbennedick28@cbslocal.com,Female,140.51.111.129
82,Jammal,Milbourn,jmilbourn29@alibaba.com,Female,126.85.114.23
83,Lyndsay,Beavors,lbeavors2a@wired.com,Male,56.5.50.243
84,Aurel,Wabersich,awabersich2b@live.com,Agender,184.194.104.233
85,Ingunna,McNysche,imcnysche2c@g.co,Genderqueer,85.251.169.3
86,Jerrylee,Greedy,jgreedy2d@dell.com,Genderqueer,229.130.15.66
87,Woody,Gullivent,wgullivent2e@nydailynews.com,Agender,67.63.109.22
88,Delmar,Cogger,dcogger2f@opensource.org,Genderqueer,241.107.172.187
89,Nelli,Piwell,npiwell2g@t-online.de,Genderqueer,33.61.79.118
90,Leonerd,Snarie,lsnarie2h@chronoengine.com,Genderfluid,24.88.52.240
91,Sayers,Navan,snavan2i@techcrunch.com,Male,83.58.229.44
92,Kore,Oxbie,koxbie2j@netscape.com,Genderfluid,126.59.11.162
93,Rollins,Gresch,rgresch2k@addthis.com,Agender,197.32.245.73
94,Torey,Askie,taskie2l@google.nl,Genderqueer,250.16.115.201
95,Pamela,Sheerman,psheerman2m@privacy.gov.au,Genderqueer,215.28.136.88
96,Guendolen,Mowsdell,gmowsdell2n@sphinn.com,Genderqueer,252.153.219.59
97,Anne-marie,Kittman,akittman2o@creativecommons.org,Polygender,36.52.154.99
98,Emerson,Blackaller,eblackaller2p@squarespace.com,Genderqueer,224.124.60.53
99,Felipe,Chittim,fchittim2q@shinystat.com,Agender,73.117.42.157
100,Amargo,Trowel,atrowel2r@naver.com,Agender,52.40.88.110
101,Daryn,Brayfield,dbrayfield2s@cocolog-nifty.com,Bigender,153.116.138.240
102,Derick,Molan,dmolan2t@loc.gov,Genderfluid,232.42.25.217
103,Allianora,Darnbrook,adarnbrook2u@last.fm,Genderqueer,185.102.182.119
104,Emmanuel,Jaspar,ejaspar2v@house.gov,Agender,249.53.56.100
105,Hew,Toomer,htoomer2w@youku.com,Agender,228.247.95.4
106,Lonnie,Bartalin,lbartalin2x@shop-pro.jp,Bigender,34.69.76.124
107,Errol,Tuohy,etuohy2y@foxnews.com,Genderqueer,140.76.36.160
108,Sherlock,Chastand,schastand2z@reuters.com,Non-binary,188.30.112.167
109,Huntlee,Cluse,hcluse30@sciencedaily.com,Genderfluid,233.78.19.207
110,Raynell,Pantry,rpantry31@ycombinator.com,Agender,163.231.139.151
111,Clyde,Gavini,cgavini32@flavors.me,Non-binary,165.7.155.60
112,Kalinda,Vermer,kvermer33@disqus.com,Non-binary,128.210.113.233
113,Meghann,Kingman,mkingman34@sourceforge.net,Female,11.228.238.229
114,Dilly,Leete,dleete35@princeton.edu,Non-binary,126.34.247.42
115,Lenard,McIlvoray,lmcilvoray36@google.com.au,Bigender,159.215.222.239
116,Mayne,Antonio,mantonio37@google.com.hk,Genderqueer,194.52.160.235
117,Gwennie,Garrioch,ggarrioch38@irs.gov,Female,217.6.218.78
118,Wendi,Palia,wpalia39@answers.com,Male,102.25.66.57
119,Mireille,Storres,mstorres3a@360.cn,Polygender,44.163.199.170
120,Hashim,Hekkert,hhekkert3b@google.nl,Genderqueer,78.238.77.204
121,Carce,Domm,cdomm3c@goo.gl,Genderqueer,169.44.110.1
122,Gaelan,Tackell,gtackell3d@booking.com,Male,173.11.157.112
123,Aryn,Tippings,atippings3e@desdev.cn,Male,58.185.49.13
124,Enrichetta,Highton,ehighton3f@goo.ne.jp,Bigender,84.108.69.199
125,Jena,Pocklington,jpocklington3g@naver.com,Agender,146.52.179.61
126,Arte,Davidove,adavidove3h@facebook.com,Male,128.92.24.141
127,Brant,Ordemann,bordemann3i@ox.ac.uk,Non-binary,77.216.48.163
128,Fons,Pengelley,fpengelley3j@constantcontact.com,Female,116.92.163.112
129,Arron,Dabinett,adabinett3k@cdc.gov,Female,67.42.204.171
130,Kelila,Klimko,kklimko3l@seattletimes.com,Female,104.76.50.232
131,Sauveur,Ogan,sogan3m@nps.gov,Male,99.149.147.238
132,Carney,Klesl,cklesl3n@dot.gov,Genderfluid,207.250.110.93
133,Barron,Penna,bpenna3o@blogs.com,Bigender,39.192.85.65
134,Keelby,Tebbutt,ktebbutt3p@ca.gov,Polygender,183.133.131.65
135,Dino,Haffard,dhaffard3q@un.org,Non-binary,131.255.147.187
136,Ernest,Richfield,erichfield3r@techcrunch.com,Female,77.156.129.237
137,Forrest,Hailes,fhailes3s@1688.com,Polygender,25.244.213.203
138,Abel,Roggieri,aroggieri3t@nba.com,Genderfluid,254.0.195.127
139,Katina,Hatje,khatje3u@cornell.edu,Male,46.187.55.217
140,Estell,Smiz,esmiz3v@bing.com,Bigender,21.25.213.199
141,Caril,Forrestall,cforrestall3w@hud.gov,Genderqueer,119.251.6.199
142,Otes,Delves,odelves3x@foxnews.com,Polygender,178.196.85.28
143,Desi,Zanetto,dzanetto3y@livejournal.com,Agender,208.31.112.241
144,Elizabet,Bramsom,ebramsom3z@paginegialle.it,Genderfluid,40.211.220.143
145,Liana,Le Blanc,lleblanc40@telegraph.co.uk,Male,19.12.130.213
146,Dareen,Diess,ddiess41@booking.com,Polygender,119.84.163.54
147,Lurline,Chasier,lchasier42@networksolutions.com,Female,210.64.13.46
148,Mommy,Stockall,mstockall43@over-blog.com,Bigender,236.134.97.95
149,Eustacia,Manueli,emanueli44@biglobe.ne.jp,Female,156.243.95.87
150,Ky,Lernihan,klernihan45@google.ca,Female,175.200.101.77
151,Natalya,Schistl,nschistl46@state.gov,Non-binary,158.95.115.27
152,Adrienne,Aujean,aaujean47@newyorker.com,Bigender,28.61.106.207
153,Gamaliel,Conelly,gconelly48@msu.edu,Agender,132.229.133.134
154,Correy,Muzzullo,cmuzzullo49@abc.net.au,Male,93.21.83.98
155,Lea,Bartkowiak,lbartkowiak4a@shareasale.com,Female,141.40.72.31
156,Sayre,De Andreis,sdeandreis4b@about.com,Agender,156.145.207.165
157,Datha,Libbey,dlibbey4c@weebly.com,Female,168.202.197.71
158,Kristoffer,Toft,ktoft4d@mlb.com,Non-binary,244.14.25.41
159,Mersey,Mozzini,mmozzini4e@weebly.com,Male,153.14.85.20
160,Gregorio,Perrins,gperrins4f@ihg.com,Female,121.247.111.144
161,Brigit,Woloschin,bwoloschin4g@google.it,Male,219.131.83.151
162,Velvet,Bygreaves,vbygreaves4h@tinyurl.com,Genderqueer,117.106.18.168
163,Mohandas,Edmondson,medmondson4i@youku.com,Polygender,12.92.87.46
164,Chere,Jakoubek,cjakoubek4j@ning.com,Polygender,255.163.60.249
165,Gasparo,Tanswill,gtanswill4k@comsenz.com,Genderfluid,69.65.211.226
166,Hayyim,Addionizio,haddionizio4l@goo.gl,Female,191.166.113.112
167,Joellen,Maric,jmaric4m@salon.com,Genderfluid,5.61.253.215
168,Cristabel,Griffe,cgriffe4n@nymag.com,Genderfluid,236.66.204.19
169,Felike,Folini,ffolini4o@geocities.jp,Agender,101.179.36.53
170,Tiffani,MacPhee,tmacphee4p@dedecms.com,Female,3.22.29.97
171,Vasily,Hamberston,vhamberston4q@jugem.jp,Non-binary,111.184.119.74
172,Waldon,O'Crevy,wocrevy4r@cyberchimps.com,Non-binary,51.232.85.57
173,Millicent,Cottell,mcottell4s@wiley.com,Non-binary,212.21.45.161
174,Fredericka,Kubis,fkubis4t@salon.com,Agender,202.215.202.185
175,Carolin,Scally,cscally4u@shop-pro.jp,Male,86.84.213.193
176,Dianemarie,Shirer,dshirer4v@eepurl.com,Genderqueer,219.11.235.199
177,Hobart,Georgins,hgeorgins4w@godaddy.com,Genderqueer,103.153.233.227
178,Sibby,Kevane,skevane4x@feedburner.com,Genderfluid,75.205.120.111
179,Uri,Brabant,ubrabant4y@photobucket.com,Male,132.24.243.134
180,Harlin,Bilston,hbilston4z@liveinternet.ru,Non-binary,161.180.249.226
181,Ashlen,Duckhouse,aduckhouse50@spotify.com,Agender,99.86.78.183
182,Andeee,Tennant,atennant51@msu.edu,Genderfluid,207.245.176.218
183,Augie,Lambertazzi,alambertazzi52@nydailynews.com,Bigender,9.22.119.149
184,Lottie,Carlisi,lcarlisi53@example.com,Bigender,93.246.132.214
185,Garland,Wasbrough,gwasbrough54@newyorker.com,Genderqueer,151.172.127.44
186,Dunc,Storrock,dstorrock55@mysql.com,Non-binary,21.17.70.128
187,Donovan,Islip,dislip56@forbes.com,Polygender,20.109.197.158
188,Ailina,Bohlin,abohlin57@stanford.edu,Polygender,46.238.152.195
189,Clarence,Ratcliff,cratcliff58@rambler.ru,Non-binary,220.135.192.14
190,Fin,Petrescu,fpetrescu59@gnu.org,Agender,246.81.181.204
191,Wallie,Luety,wluety5a@washington.edu,Female,220.41.120.93
192,Sonni,Knoller,sknoller5b@youtube.com,Genderqueer,208.55.0.102
193,Jerrie,Kilvington,jkilvington5c@earthlink.net,Genderfluid,8.111.93.154
194,Ruprecht,Jursch,rjursch5d@51.la,Male,225.97.68.23
195,Ediva,Janowicz,ejanowicz5e@angelfire.com,Non-binary,63.163.88.190
196,Griffy,Lakenton,glakenton5f@google.com.au,Genderfluid,179.131.27.210
197,Keane,Maddie,kmaddie5g@i2i.jp,Genderqueer,48.63.241.15
198,Ebonee,McIlhone,emcilhone5h@symantec.com,Genderfluid,157.150.5.219
199,Gallard,Fforde,gfforde5i@icq.com,Genderqueer,158.219.12.47
200,Pamella,Hubbins,phubbins5j@biglobe.ne.jp,Agender,115.252.148.255
201,Jolynn,Plail,jplail5k@about.com,Non-binary,16.228.47.251
202,Reagan,Aronovich,raronovich5l@shareasale.com,Genderfluid,112.84.169.43
203,Case,Mowsley,cmowsley5m@vk.com,Genderfluid,165.155.5.0
204,Murdoch,Ferran,mferran5n@constantcontact.com,Non-binary,215.146.116.95
205,Harrison,Sealy,hsealy5o@soundcloud.com,Female,61.121.217.37
206,Kahlil,de Grey,kdegrey5p@discovery.com,Agender,107.199.193.109
207,Eba,Southam,esoutham5q@prweb.com,Non-binary,220.103.206.45
208,Scarlet,Shaxby,sshaxby5r@bizjournals.com,Female,191.241.246.235
209,Liane,Busher,lbusher5s@wordpress.org,Polygender,54.87.75.151
210,Ladonna,Perry,lperry5t@nsw.gov.au,Non-binary,11.241.172.1
211,Cozmo,Woodington,cwoodington5u@pen.io,Male,56.114.31.93
212,Darrell,Yezafovich,dyezafovich5v@wsj.com,Genderfluid,217.167.76.93
213,Say,Minger,sminger5w@taobao.com,Genderqueer,32.247.105.159
214,Natty,Tunstall,ntunstall5x@wikispaces.com,Genderqueer,228.184.49.254
215,Lynda,Sysland,lsysland5y@nyu.edu,Female,243.29.25.237
216,Joan,Charker,jcharker5z@pbs.org,Non-binary,150.67.26.252
217,Pincas,Hammerman,phammerman60@bloglines.com,Polygender,69.62.222.217
218,Justinian,Wurz,jwurz61@quantcast.com,Non-binary,82.65.2.176
219,Noella,Jansik,njansik62@tripod.com,Polygender,189.35.161.160
220,Dino,Attaway,dattaway63@xrea.com,Male,126.174.211.8
221,Demetra,Dary,ddary64@un.org,Agender,65.163.224.73
222,Yehudit,Goburn,ygoburn65@opensource.org,Genderqueer,169.187.104.11
223,Saree,Chyuerton,schyuerton66@naver.com,Polygender,35.194.46.253
224,Bax,Geertsen,bgeertsen67@google.cn,Male,172.156.159.220
225,Tabatha,Heberden,theberden68@washingtonpost.com,Female,241.236.34.106
226,Bert,Steptow,bsteptow69@disqus.com,Genderqueer,161.220.5.232
227,Coral,Goward,cgoward6a@studiopress.com,Genderqueer,88.30.216.33
228,Ricardo,Yve,ryve6b@census.gov,Polygender,44.6.90.90
229,Jamesy,Fairley,jfairley6c@bbc.co.uk,Agender,176.25.169.84
230,Jenn,Rushby,jrushby6d@cbsnews.com,Male,40.203.27.86
231,Wells,Jakeman,wjakeman6e@hc360.com,Agender,166.54.223.93
232,Grethel,Ficken,gficken6f@businessinsider.com,Agender,142.195.13.192
233,Dalenna,Niemetz,dniemetz6g@webeden.co.uk,Non-binary,101.51.3.164
234,Neall,Hebburn,nhebburn6h@purevolume.com,Male,141.226.184.114
235,Billi,Spink,bspink6i@mapquest.com,Bigender,234.86.79.226
236,Curt,Lines,clines6j@columbia.edu,Female,91.239.196.43
237,Wylie,Lezemere,wlezemere6k@ustream.tv,Genderqueer,220.245.87.16
238,Quinlan,Tyght,qtyght6l@geocities.jp,Male,175.83.4.77
239,Frieda,Valois,fvalois6m@a8.net,Polygender,115.148.31.45
240,Julienne,Grigs,jgrigs6n@blog.com,Agender,178.235.236.39
241,Anestassia,Benge,abenge6o@bbc.co.uk,Female,145.212.54.181
242,Merwin,Cowdery,mcowdery6p@spotify.com,Non-binary,210.114.115.89
243,Chas,Dunckley,cdunckley6q@slideshare.net,Genderqueer,42.65.46.60
244,Christos,Sharpley,csharpley6r@paypal.com,Female,232.251.27.117
245,Abey,Croll,acroll6s@yellowbook.com,Polygender,254.180.63.36
246,Inigo,Pfeffer,ipfeffer6t@cloudflare.com,Genderqueer,52.17.228.72
247,Jorie,Barents,jbarents6u@paypal.com,Genderfluid,41.69.47.55
248,Marinna,Vial,mvial6v@acquirethisname.com,Polygender,69.170.243.106
249,Coralie,Dilnot,cdilnot6w@icio.us,Non-binary,242.151.44.75
250,Cornela,Fee,cfee6x@census.gov,Genderqueer,64.161.44.36
251,Ileane,McGriele,imcgriele6y@blogspot.com,Bigender,44.180.68.106
252,Morly,O' Hern,mohern6z@netvibes.com,Female,176.1.121.134
253,Kathe,Noirel,knoirel70@ameblo.jp,Polygender,222.214.142.132
254,Artur,Whittlesea,awhittlesea71@rambler.ru,Male,141.21.44.81
255,Derward,Kharchinski,dkharchinski72@gnu.org,Polygender,78.19.234.4
256,Alec,Grayson,agrayson73@bizjournals.com,Female,211.112.233.180
257,Iseabal,Getsham,igetsham74@is.gd,Female,20.62.39.163
258,Annie,Backshell,abackshell75@businessinsider.com,Agender,70.59.233.45
259,Gwenora,Macia,gmacia76@newsvine.com,Genderfluid,81.62.140.91
260,Rozella,Buterton,rbuterton77@tripadvisor.com,Genderfluid,45.17.85.0
261,Erie,O'Bradden,eobradden78@creativecommons.org,Genderfluid,108.190.161.221
262,Shell,Hagart,shagart79@bravesites.com,Genderfluid,63.114.125.83
263,Archy,Paullin,apaullin7a@cbslocal.com,Non-binary,70.227.184.143
264,Rosalind,Lovell,rlovell7b@nydailynews.com,Non-binary,178.34.62.187
265,Karlie,Simeons,ksimeons7c@cafepress.com,Polygender,192.97.130.215
266,Marina,Georgiades,mgeorgiades7d@state.gov,Agender,118.172.248.181
267,Cody,Larrosa,clarrosa7e@vistaprint.com,Bigender,55.6.83.36
268,Thornie,Djorevic,tdjorevic7f@java.com,Genderfluid,238.33.53.213
269,Mata,Andreotti,mandreotti7g@umn.edu,Genderfluid,222.3.60.15
270,Clementius,McCreath,cmccreath7h@cocolog-nifty.com,Genderfluid,231.166.4.156
271,Amelie,Lambie,alambie7i@adobe.com,Polygender,79.168.1.250
272,Bambi,Clee,bclee7j@woothemes.com,Polygender,90.18.150.209
273,Jerrome,Paik,jpaik7k@wunderground.com,Female,84.15.100.189
274,Emilie,Law,elaw7l@java.com,Genderqueer,149.131.107.201
275,Abbot,Blindmann,ablindmann7m@paypal.com,Bigender,64.178.47.50
276,Dasi,Hearons,dhearons7n@rakuten.co.jp,Female,252.32.240.207
277,Minetta,McLanaghan,mmclanaghan7o@mapy.cz,Bigender,46.31.202.194
278,Rubina,Dyneley,rdyneley7p@princeton.edu,Non-binary,11.48.83.21
279,Wallis,Pendre,wpendre7q@i2i.jp,Male,66.122.228.242
280,Silvester,Wailes,swailes7r@wordpress.com,Female,157.69.39.130
281,Waiter,Hallsworth,whallsworth7s@cornell.edu,Non-binary,160.185.188.201
282,Stephanie,Mungham,smungham7t@domainmarket.com,Polygender,94.159.132.147
283,Rawley,Daniely,rdaniely7u@netlog.com,Female,251.55.168.163
284,Darrelle,Comfort,dcomfort7v@nyu.edu,Bigender,46.132.79.205
285,Rusty,Greger,rgreger7w@about.me,Female,79.69.115.213
286,Flin,Loachhead,floachhead7x@huffingtonpost.com,Bigender,226.43.32.240
287,Foster,Tatford,ftatford7y@chronoengine.com,Non-binary,115.84.235.206
288,Vernor,Leggett,vleggett7z@umn.edu,Male,239.220.219.73
289,Devin,Wilkin,dwilkin80@xrea.com,Agender,140.153.103.225
290,Maiga,Chafer,mchafer81@nps.gov,Genderfluid,70.3.135.64
291,Malcolm,Morigan,mmorigan82@dmoz.org,Bigender,211.180.130.216
292,Ignatius,Dakin,idakin83@ebay.com,Bigender,70.52.51.25
293,Hussein,Snugg,hsnugg84@yahoo.co.jp,Non-binary,251.231.240.207
294,Jarrad,Oldacre,joldacre85@tinypic.com,Agender,168.112.234.68
295,Rayshell,Pocknell,rpocknell86@europa.eu,Non-binary,110.9.255.38
296,Doyle,Winckles,dwinckles87@acquirethisname.com,Non-binary,214.135.180.1
297,Tod,Routham,troutham88@symantec.com,Agender,190.154.36.183
298,Melina,Benton,mbenton89@shutterfly.com,Genderfluid,2.175.28.157
299,Giorgia,Snasel,gsnasel8a@github.io,Agender,64.17.128.27
300,Kippar,Ector,kector8b@biglobe.ne.jp,Polygender,113.55.104.110
301,Agace,Garlick,agarlick8c@theguardian.com,Non-binary,116.159.150.153
302,Bent,Ingleby,bingleby8d@seattletimes.com,Female,118.143.81.170
303,Cad,Kurten,ckurten8e@ed.gov,Female,10.152.215.230
304,Vonni,Kift,vkift8f@msn.com,Genderfluid,186.124.95.195
305,Susann,Deadman,sdeadman8g@fema.gov,Agender,11.210.39.185
306,Stefanie,Fenck,sfenck8h@google.com.br,Non-binary,195.9.142.137
307,Isidore,Itchingham,iitchingham8i@infoseek.co.jp,Male,206.124.117.133
308,Ira,Gleader,igleader8j@sfgate.com,Bigender,214.25.13.248
309,Ainslie,Blakebrough,ablakebrough8k@discovery.com,Agender,135.95.251.129
310,Randall,Bolle,rbolle8l@oracle.com,Genderqueer,30.219.248.241
311,Abbie,Hutcheons,ahutcheons8m@prnewswire.com,Polygender,239.54.174.133
312,Rock,McAster,rmcaster8n@sourceforge.net,Agender,221.131.174.167
313,Dionne,Pitkins,dpitkins8o@ifeng.com,Polygender,197.141.36.117
314,Patin,Kivelhan,pkivelhan8p@typepad.com,Agender,24.48.149.241
315,Eadmund,Guion,eguion8q@addthis.com,Male,173.142.107.252
316,Woody,Files,wfiles8r@weebly.com,Genderqueer,44.80.228.151
317,Barret,Becom,bbecom8s@printfriendly.com,Female,148.244.14.89
318,Ealasaid,Withringten,ewithringten8t@trellian.com,Polygender,68.74.104.148
319,Lizette,Keyzor,lkeyzor8u@examiner.com,Agender,123.78.149.183
320,Agnola,Hutcheons,ahutcheons8v@umn.edu,Non-binary,233.206.54.117
321,Teador,Pitkaithly,tpitkaithly8w@linkedin.com,Bigender,134.99.120.229
322,Sigvard,Brimley,sbrimley8x@360.cn,Genderfluid,32.251.88.146
323,Carlee,Bonham,cbonham8y@reddit.com,Male,123.207.144.104
324,Gypsy,Alman,galman8z@ft.com,Genderfluid,107.45.235.7
325,Worthy,Mattiuzzi,wmattiuzzi90@smh.com.au,Male,171.159.241.55
326,Bary,Kleinstub,bkleinstub91@slate.com,Genderfluid,46.204.167.41
327,Dickie,Schirach,dschirach92@hud.gov,Male,153.250.204.68
328,Giuditta,Ziems,gziems93@jalbum.net,Genderfluid,156.167.181.82
329,Garret,Jamme,gjamme94@discuz.net,Genderqueer,247.144.125.151
330,Alexina,Bowld,abowld95@theguardian.com,Non-binary,38.125.185.209
331,Ernesto,Flips,eflips96@photobucket.com,Polygender,73.159.48.182
332,Ara,Fitzmaurice,afitzmaurice97@latimes.com,Non-binary,2.228.150.179
333,Rochette,Yegorkov,ryegorkov98@deviantart.com,Genderqueer,219.154.168.12
334,Merrel,Teeney,mteeney99@php.net,Genderfluid,124.114.237.179
335,Ralf,Tidder,rtidder9a@oracle.com,Female,255.34.22.166
336,Consuela,Lempertz,clempertz9b@wordpress.com,Bigender,99.98.219.38
337,Trude,Worviell,tworviell9c@mtv.com,Female,88.117.145.170
338,Harlen,Lippiatt,hlippiatt9d@gov.uk,Genderqueer,207.85.229.44
339,Ashleigh,Cuningham,acuningham9e@networkadvertising.org,Genderfluid,136.233.80.104
340,Eleonora,Brandes,ebrandes9f@sphinn.com,Polygender,25.8.18.155
341,Scottie,Tulip,stulip9g@desdev.cn,Female,195.85.199.171
342,Marrissa,Kennerley,mkennerley9h@apache.org,Male,34.126.176.223
343,Forster,Curzon,fcurzon9i@cloudflare.com,Bigender,171.215.127.106
344,Hedwiga,Gheraldi,hgheraldi9j@reference.com,Bigender,100.54.61.181
345,Joya,Brum,jbrum9k@webs.com,Genderqueer,218.151.131.176
346,Gasparo,Pasby,gpasby9l@cafepress.com,Agender,77.152.57.148
347,Mylo,Loveland,mloveland9m@tuttocitta.it,Agender,201.117.104.140
348,Carolann,Fountian,cfountian9n@dailymotion.com,Genderfluid,198.24.47.255
349,Marven,Issacov,missacov9o@sfgate.com,Agender,43.16.149.200
350,Bunni,Hames,bhames9p@shutterfly.com,Polygender,217.67.11.211
351,Waldon,Boxer,wboxer9q@patch.com,Male,110.146.229.201
352,Tonya,Biasini,tbiasini9r@uiuc.edu,Polygender,154.56.66.200
353,Shepherd,Josipovitz,sjosipovitz9s@icq.com,Agender,103.85.18.13
354,Jaquith,Patel,jpatel9t@about.me,Bigender,216.45.144.45
355,Nell,Moland,nmoland9u@de.vu,Genderfluid,34.166.49.235
356,Shayne,Sefton,ssefton9v@topsy.com,Non-binary,99.176.95.198
357,Kellby,Wenderoth,kwenderoth9w@usnews.com,Male,210.49.223.115
358,Creigh,Janowski,cjanowski9x@skype.com,Bigender,144.172.190.84
359,Dmitri,O'Lunny,dolunny9y@cpanel.net,Genderfluid,130.102.29.196
360,Grange,Frango,gfrango9z@goodreads.com,Genderfluid,2.140.167.217
361,Sasha,Moggie,smoggiea0@chron.com,Genderqueer,172.58.51.219
362,Caitrin,Manoelli,cmanoellia1@furl.net,Male,183.38.130.213
363,Judi,Matiashvili,jmatiashvilia2@hc360.com,Polygender,18.115.198.150
364,Gordy,Kleinmann,gkleinmanna3@webs.com,Agender,142.250.120.93
365,Gardie,Calvey,gcalveya4@cloudflare.com,Polygender,66.161.87.188
366,Aloysia,Elloit,aelloita5@blinklist.com,Non-binary,96.190.130.174
367,Marget,Shimwall,mshimwalla6@ucla.edu,Agender,164.1.166.73
368,Florina,Mooring,fmooringa7@wikispaces.com,Polygender,77.52.49.2
369,Bastian,Rodliff,brodliffa8@ehow.com,Genderqueer,140.72.245.43
370,Herbert,Posselwhite,hposselwhitea9@example.com,Bigender,116.178.77.3
371,Lira,Josephs,ljosephsaa@bloglovin.com,Male,27.243.151.202
372,Waite,Bushby,wbushbyab@altervista.org,Polygender,144.32.240.64
373,Mel,Deeth,mdeethac@usatoday.com,Non-binary,226.21.161.167
374,Jeannie,Riby,jribyad@ucsd.edu,Agender,107.181.64.142
375,Hewie,Minghella,hminghellaae@hatena.ne.jp,Genderqueer,54.146.145.255
376,Paula,Nana,pnanaaf@dedecms.com,Non-binary,251.203.59.84
377,Christie,Abrahim,cabrahimag@thetimes.co.uk,Polygender,198.208.87.118
378,Aimil,Roughley,aroughleyah@nhs.uk,Bigender,237.3.234.80
379,Keelby,Helgass,khelgassai@mapy.cz,Male,220.127.164.223
380,Tiphanie,Allpress,tallpressaj@skyrock.com,Genderfluid,158.244.218.225
381,Jed,Divisek,jdivisekak@engadget.com,Polygender,56.38.71.242
382,Constantia,Baldocci,cbaldoccial@cafepress.com,Genderfluid,9.132.168.79
383,Teddi,Hegley,thegleyam@mashable.com,Genderfluid,53.71.224.48
384,Monte,Abbyss,mabbyssan@mail.ru,Bigender,173.202.55.127
385,Sayres,Allbones,sallbonesao@qq.com,Genderfluid,3.5.27.65
386,Gabriel,Cawson,gcawsonap@economist.com,Male,47.170.204.130
387,Germain,Exposito,gexpositoaq@chronoengine.com,Female,219.67.31.226
388,Elmer,Pink,epinkar@typepad.com,Female,50.204.175.2
389,Kora,Klaffs,kklaffsas@businessweek.com,Male,68.151.174.123
390,Sarge,Wackett,swackettat@sphinn.com,Non-binary,10.212.109.35
391,Raphaela,Mollitt,rmollittau@sun.com,Genderqueer,118.162.47.225
392,Lenna,Mantrip,lmantripav@comcast.net,Polygender,175.222.27.67
393,Mariel,Streather,mstreatheraw@wired.com,Polygender,82.175.12.133
394,Linnea,Allchorn,lallchornax@alexa.com,Female,139.16.221.73
395,Stephani,Skells,sskellsay@icio.us,Genderfluid,30.40.20.103
396,Almeta,Dron,adronaz@google.de,Female,150.0.222.243
397,Kermit,Arboine,karboineb0@ed.gov,Female,124.145.80.96
398,Bridget,Aronsohn,baronsohnb1@purevolume.com,Genderfluid,251.179.160.219
399,Dorthy,McCurtin,dmccurtinb2@amazon.co.uk,Genderqueer,53.228.154.227
400,Brandi,Pawellek,bpawellekb3@time.com,Male,86.15.112.107
401,Jodi,Venard,jvenardb4@reverbnation.com,Agender,121.252.63.167
402,Grazia,Trivett,gtrivettb5@youku.com,Genderqueer,65.231.60.46
403,Nealson,McGlue,nmcglueb6@blogger.com,Polygender,200.191.20.15
404,Gris,Reisenberg,greisenbergb7@purevolume.com,Polygender,29.95.60.178
405,Nell,Randal,nrandalb8@mashable.com,Non-binary,116.159.87.210
406,Johann,Scarce,jscarceb9@wisc.edu,Genderqueer,74.187.185.242
407,Tiffy,Saltern,tsalternba@people.com.cn,Female,243.243.127.57
408,Maje,Dracey,mdraceybb@goo.gl,Agender,224.233.96.86
409,Poppy,Gerrett,pgerrettbc@constantcontact.com,Genderqueer,85.42.191.211
410,Patsy,Deam,pdeambd@bbc.co.uk,Female,251.80.132.135
411,Reggie,Vaissiere,rvaissierebe@jalbum.net,Male,214.108.86.78
412,Vlad,Donati,vdonatibf@netvibes.com,Genderqueer,242.116.29.23
413,Woodman,Blacksland,wblackslandbg@delicious.com,Genderqueer,23.92.246.123
414,Johnathan,Turpey,jturpeybh@slideshare.net,Polygender,93.18.104.84
415,Ferdinand,Fairbank,ffairbankbi@sfgate.com,Bigender,62.140.247.102
416,Neale,Wards,nwardsbj@hibu.com,Non-binary,69.254.27.148
417,Melba,Dries,mdriesbk@wikimedia.org,Female,125.13.166.187
418,Zonda,Le feaver,zlefeaverbl@addtoany.com,Agender,123.119.74.99
419,Fidelia,Beidebeke,fbeidebekebm@omniture.com,Bigender,133.160.222.56
420,Terence,Goncalo,tgoncalobn@guardian.co.uk,Male,90.145.0.79
421,Aube,Minshull,aminshullbo@vistaprint.com,Male,53.1.25.69
422,Candice,Fontell,cfontellbp@ebay.co.uk,Polygender,98.147.97.252
423,Blanche,Fumagallo,bfumagallobq@gnu.org,Polygender,13.139.51.6
424,Delilah,Brundell,dbrundellbr@fotki.com,Polygender,93.171.213.119
425,Carine,Beningfield,cbeningfieldbs@bloglovin.com,Polygender,253.121.95.208
426,Oates,Satterthwaite,osatterthwaitebt@nymag.com,Genderqueer,38.212.17.70
427,Cybill,Maydwell,cmaydwellbu@pbs.org,Genderfluid,254.134.130.176
428,Romeo,Schwier,rschwierbv@networkadvertising.org,Genderfluid,222.27.34.236
429,Lana,Whordley,lwhordleybw@cdc.gov,Genderfluid,103.62.214.207
430,Dorella,Purchall,dpurchallbx@cargocollective.com,Genderqueer,176.228.208.157
431,Purcell,Lattimore,plattimoreby@dion.ne.jp,Genderfluid,46.70.166.32
432,Mable,Drewes,mdrewesbz@nps.gov,Polygender,166.176.86.254
433,Thaddeus,Romeo,tromeoc0@mayoclinic.com,Female,218.25.76.183
434,Royce,Haeslier,rhaeslierc1@devhub.com,Non-binary,80.68.190.85
435,Tadeo,Hapgood,thapgoodc2@stanford.edu,Genderqueer,18.104.53.98
436,Westleigh,MacCafferty,wmaccaffertyc3@posterous.com,Agender,30.127.12.0
437,Donia,Bilsland,dbilslandc4@miibeian.gov.cn,Bigender,152.14.165.100
438,Felicdad,Cristofalo,fcristofaloc5@goo.ne.jp,Polygender,150.135.96.166
439,Melonie,Ivanuschka,mivanuschkac6@psu.edu,Bigender,222.209.237.214
440,Arly,Croyden,acroydenc7@tiny.cc,Genderfluid,80.58.52.26
441,Rowney,Lantuff,rlantuffc8@facebook.com,Genderqueer,92.202.96.247
442,Jaquith,Scibsey,jscibseyc9@cornell.edu,Agender,184.148.240.95
443,Barbaraanne,Makiver,bmakiverca@deliciousdays.com,Polygender,172.129.45.234
444,Vaclav,Coalbran,vcoalbrancb@nih.gov,Male,133.118.61.230
445,Serena,Stemson,sstemsoncc@miitbeian.gov.cn,Bigender,130.200.65.87
446,Cathee,Monshall,cmonshallcd@google.es,Bigender,54.237.144.230
447,Sid,MacHostie,smachostiece@symantec.com,Non-binary,63.238.252.255
448,Tucker,Joontjes,tjoontjescf@tiny.cc,Non-binary,222.173.6.168
449,Amy,Esson,aessoncg@yale.edu,Genderqueer,104.229.233.187
450,Kamila,Lammiman,klammimanch@cargocollective.com,Genderfluid,41.10.51.147
451,Margret,Tuny,mtunyci@sohu.com,Genderfluid,88.245.239.122
452,Analiese,Vost,avostcj@youtube.com,Polygender,35.123.253.253
453,Gail,Gegg,ggeggck@businessinsider.com,Female,47.108.126.25
454,Madel,Sellner,msellnercl@go.com,Genderfluid,161.46.228.119
455,Palmer,Durran,pdurrancm@goodreads.com,Non-binary,220.236.96.193
456,Caron,Posselow,cposselowcn@eventbrite.com,Bigender,47.192.34.13
457,Edie,Shelley,eshelleyco@dmoz.org,Non-binary,159.176.65.248
458,Morganne,Quogan,mquogancp@usgs.gov,Bigender,169.202.241.26
459,Leonanie,Childers,lchilderscq@timesonline.co.uk,Bigender,106.242.84.234
460,Pauly,Mucillo,pmucillocr@paginegialle.it,Male,31.56.93.186
461,Katy,Stannus,kstannuscs@zimbio.com,Female,57.43.99.140
462,Rainer,Curzey,rcurzeyct@blogtalkradio.com,Bigender,156.173.177.136
463,Nessy,Girodier,ngirodiercu@msu.edu,Bigender,77.51.248.131
464,Malinda,MacGillacolm,mmacgillacolmcv@myspace.com,Bigender,104.59.158.7
465,Hyacinthe,McKiddin,hmckiddincw@merriam-webster.com,Genderqueer,221.141.108.81
466,Mari,Allender,mallendercx@cargocollective.com,Male,232.132.33.58
467,Ag,Downing,adowningcy@google.co.uk,Genderfluid,99.25.95.78
468,Riley,Kindley,rkindleycz@epa.gov,Male,27.232.171.33
469,Janeva,Clapshaw,jclapshawd0@businesswire.com,Male,162.43.208.173
470,Maryrose,Ohms,mohmsd1@independent.co.uk,Genderfluid,119.27.8.18
471,Friederike,Curdell,fcurdelld2@goo.ne.jp,Polygender,132.157.38.228
472,Louis,Sutheran,lsutherand3@technorati.com,Male,147.150.124.21
473,Putnam,Trebilcock,ptrebilcockd4@gmpg.org,Female,67.85.139.80
474,Den,Howatt,dhowattd5@list-manage.com,Genderqueer,192.11.153.231
475,Minta,Carbett,mcarbettd6@youtube.com,Female,213.228.150.46
476,Gwen,Kleine,gkleined7@so-net.ne.jp,Non-binary,51.65.67.67
477,Janessa,Aleswell,jaleswelld8@engadget.com,Genderfluid,8.58.24.50
478,Christian,Scotter,cscotterd9@businessweek.com,Polygender,40.179.47.89
479,Selby,Lonsbrough,slonsbroughda@apple.com,Non-binary,255.14.219.89
480,Arte,Doyley,adoyleydb@stumbleupon.com,Female,252.233.78.83
481,Salem,Spincks,sspincksdc@so-net.ne.jp,Male,46.40.43.41
482,Genevra,Lope,glopedd@usa.gov,Male,233.237.201.191
483,Regan,Menichini,rmenichinide@kickstarter.com,Bigender,12.191.106.48
484,Joanne,Esherwood,jesherwooddf@utexas.edu,Male,26.76.246.90
485,Robinet,Mumbey,rmumbeydg@cloudflare.com,Polygender,26.91.164.166
486,Ula,Skill,uskilldh@instagram.com,Polygender,84.220.104.108
487,Freddy,Hucquart,fhucquartdi@nps.gov,Agender,159.93.57.149
488,Kary,Aireton,kairetondj@sohu.com,Genderfluid,135.103.35.188
489,Timoteo,Weakley,tweakleydk@smugmug.com,Non-binary,8.154.35.120
490,Mellisent,Sitford,msitforddl@wsj.com,Male,237.239.14.196
491,Hedda,Flecknoe,hflecknoedm@blogspot.com,Genderqueer,71.23.243.234
492,Clementina,Andreini,candreinidn@ocn.ne.jp,Polygender,192.209.147.175
493,Travus,Troup,ttroupdo@amazon.de,Male,152.244.82.236
494,Chris,Emanulsson,cemanulssondp@cnet.com,Male,156.110.31.224
495,Gunar,Titterrell,gtitterrelldq@kickstarter.com,Bigender,173.224.233.2
496,Lucais,Callender,lcallenderdr@photobucket.com,Genderqueer,50.82.126.148
497,Trenna,Midner,tmidnerds@dailymail.co.uk,Female,45.225.82.26
498,Welsh,Mableson,wmablesondt@360.cn,Non-binary,12.243.204.121
499,Marya,Frotton,mfrottondu@statcounter.com,Female,237.209.184.2
500,Sigfried,Meindl,smeindldv@wired.com,Genderqueer,254.96.179.184
501,Randolf,Rosel,rroseldw@posterous.com,Female,167.180.108.34
502,Belicia,O'Dogherty,bodoghertydx@mozilla.com,Agender,77.86.169.47
503,Kelila,Loads,kloadsdy@wordpress.com,Genderfluid,119.234.225.107
504,Gabriela,Toomer,gtoomerdz@dropbox.com,Genderfluid,189.84.43.186
505,Jamima,Herche,jherchee0@quantcast.com,Agender,86.47.93.126
506,Irma,Pashan,ipashane1@psu.edu,Genderqueer,49.2.250.117
507,Maxim,Callington,mcallingtone2@google.es,Non-binary,240.205.135.211
508,Breanne,De Luna,bdelunae3@timesonline.co.uk,Agender,3.57.159.128
509,Lainey,Sheaber,lsheabere4@imageshack.us,Male,108.223.129.63
510,Kelley,Rolingson,krolingsone5@mediafire.com,Non-binary,83.87.199.158
511,Remy,Spurden,rspurdene6@hibu.com,Agender,190.62.198.23
512,Elva,Pyne,epynee7@bing.com,Non-binary,68.114.80.104
513,Kristofor,Wolfit,kwolfite8@topsy.com,Genderfluid,57.231.12.95
514,Wit,Surby,wsurbye9@census.gov,Genderqueer,110.51.101.123
515,Nyssa,Syder,nsyderea@weather.com,Polygender,28.203.179.128
516,Ianthe,Spear,ispeareb@ning.com,Genderqueer,8.233.222.163
517,Marcelle,Greated,mgreatedec@telegraph.co.uk,Bigender,197.59.186.250
518,Evie,Shand,eshanded@a8.net,Male,237.97.118.0
519,Kass,Gryglewski,kgryglewskiee@constantcontact.com,Female,3.181.44.176
520,Berky,Masserel,bmasserelef@gmpg.org,Non-binary,101.176.153.51
521,Hercules,MacNamara,hmacnamaraeg@comsenz.com,Female,55.226.83.5
522,Anny,Jurca,ajurcaeh@163.com,Non-binary,17.10.180.231
523,Norman,Garrique,ngarriqueei@altervista.org,Male,109.151.243.152
524,Garvey,Ruscoe,gruscoeej@newyorker.com,Polygender,217.134.140.17
525,Kelci,Levine,klevineek@hexun.com,Genderfluid,53.225.113.93
526,Enoch,Dukelow,edukelowel@netlog.com,Genderfluid,153.14.99.121
527,Reggie,Itzig,ritzigem@constantcontact.com,Polygender,230.221.193.72
528,Catherin,Dy,cdyen@hc360.com,Genderfluid,185.62.185.22
529,Sallyanne,Retallick,sretallickeo@nsw.gov.au,Non-binary,84.228.227.183
530,Nanon,Cristofaro,ncristofaroep@jimdo.com,Female,225.220.73.193
531,Wilone,MacKessock,wmackessockeq@geocities.jp,Genderqueer,230.82.21.63
532,Harlen,Butcher,hbutcherer@etsy.com,Polygender,53.54.164.165
533,Aurore,Lenoir,alenoires@blogs.com,Bigender,46.62.36.96
534,Donn,Cattroll,dcattrollet@arstechnica.com,Female,140.235.236.172
535,Geri,Barrows,gbarrowseu@mozilla.org,Genderqueer,11.47.204.75
536,Alanna,Sharma,asharmaev@altervista.org,Genderqueer,237.85.128.73
537,Tonya,Label,tlabelew@timesonline.co.uk,Polygender,15.92.5.253
538,Patrizius,Stritton,pstrittonex@webs.com,Male,225.69.182.134
539,Ree,Tarbath,rtarbathey@myspace.com,Male,128.111.35.166
540,Raeann,Kernoghan,rkernoghanez@pbs.org,Genderfluid,52.139.176.91
541,Robbi,Crayden,rcraydenf0@ocn.ne.jp,Polygender,90.184.229.147
542,Shelia,Maasze,smaaszef1@aol.com,Non-binary,17.47.139.214
543,Marthe,Speedy,mspeedyf2@google.com.br,Genderfluid,231.234.103.218
544,Teddy,Stroulger,tstroulgerf3@amazon.co.jp,Genderqueer,67.212.66.24
545,Sabrina,Camell,scamellf4@pagesperso-orange.fr,Male,217.152.44.153
546,Claudio,Bradock,cbradockf5@woothemes.com,Male,110.108.66.28
547,Deny,Standeven,dstandevenf6@wix.com,Polygender,105.86.49.116
548,Dione,Furlow,dfurlowf7@nyu.edu,Agender,101.240.116.0
549,Ailene,Simoneau,asimoneauf8@altervista.org,Polygender,161.3.200.142
550,Mignonne,Labrum,mlabrumf9@state.tx.us,Bigender,123.8.231.162
551,Reinald,Cockrell,rcockrellfa@addthis.com,Genderqueer,47.244.76.76
552,Earle,Prise,eprisefb@wikimedia.org,Polygender,108.44.135.12
553,Emera,Eshmade,eeshmadefc@addtoany.com,Non-binary,191.47.19.87
554,Tamqrah,Fairleigh,tfairleighfd@usgs.gov,Female,208.167.14.3
555,Paquito,Marven,pmarvenfe@bbb.org,Female,217.51.236.217
556,Randene,Dougliss,rdouglissff@moonfruit.com,Genderfluid,51.47.61.90
557,Bartholomeus,Addlestone,baddlestonefg@php.net,Male,223.113.38.255
558,Ianthe,Aldrin,ialdrinfh@hubpages.com,Bigender,48.178.123.137
559,Yasmeen,Baden,ybadenfi@microsoft.com,Non-binary,156.74.5.59
560,Emmery,Scoterbosh,escoterboshfj@bravesites.com,Agender,187.190.41.96
561,Willi,Delahunt,wdelahuntfk@columbia.edu,Bigender,159.104.233.54
562,Weylin,Jendrach,wjendrachfl@typepad.com,Agender,9.13.37.17
563,Deni,Tremblett,dtremblettfm@merriam-webster.com,Polygender,249.43.78.13
564,Bryan,Gladstone,bgladstonefn@wufoo.com,Genderqueer,184.100.2.9
565,Guenna,Farley,gfarleyfo@hao123.com,Male,6.62.206.90
566,Marlyn,Muzzlewhite,mmuzzlewhitefp@bloglovin.com,Male,255.171.149.73
567,Derrik,Noone,dnoonefq@geocities.jp,Agender,176.199.182.222
568,Eleanora,Rexworthy,erexworthyfr@umn.edu,Genderqueer,143.9.64.186
569,Nico,Craisford,ncraisfordfs@ezinearticles.com,Non-binary,55.124.175.49
570,Farrell,Lavin,flavinft@ow.ly,Bigender,211.217.153.74
571,Felita,Dunsmuir,fdunsmuirfu@columbia.edu,Female,46.250.62.188
572,Orin,Durant,odurantfv@people.com.cn,Bigender,7.63.181.204
573,Toma,Ferry,tferryfw@moonfruit.com,Male,10.4.84.217
574,Karleen,Drewes,kdrewesfx@eventbrite.com,Genderfluid,223.91.55.146
575,Misha,Purves,mpurvesfy@businessinsider.com,Agender,135.206.174.204
576,Madison,Lothlorien,mlothlorienfz@themeforest.net,Agender,125.231.215.55
577,Erhard,Easton,eeastong0@de.vu,Genderfluid,182.54.172.60
578,Tamra,Fitzharris,tfitzharrisg1@ovh.net,Agender,120.45.254.82
579,Alvy,Pergens,apergensg2@etsy.com,Bigender,4.68.193.95
580,Tabor,Belham,tbelhamg3@usatoday.com,Male,12.133.197.254
581,Kristoforo,Pudsall,kpudsallg4@example.com,Bigender,143.143.227.136
582,Alisun,Iiannone,aiiannoneg5@army.mil,Male,118.12.84.203
583,Raf,Weaver,rweaverg6@discuz.net,Genderqueer,240.29.187.87
584,Cindie,McCathie,cmccathieg7@parallels.com,Non-binary,101.178.113.30
585,Doy,Northwood,dnorthwoodg8@vinaora.com,Bigender,236.216.250.184
586,Margaret,Pester,mpesterg9@instagram.com,Male,176.97.209.36
587,Darsie,Smiz,dsmizga@github.com,Female,86.17.21.181
588,Deedee,McConville,dmcconvillegb@nymag.com,Agender,126.107.72.112
589,Marlene,Steele,msteelegc@dedecms.com,Female,108.104.53.159
590,Ad,Kingsman,akingsmangd@sourceforge.net,Bigender,114.188.102.157
591,Darleen,Okie,dokiege@bbc.co.uk,Bigender,90.47.151.178
592,Kyle,Osgerby,kosgerbygf@gov.uk,Bigender,193.230.162.229
593,Giraldo,Eldrid,geldridgg@cbc.ca,Polygender,242.161.115.160
594,Albina,Willows,awillowsgh@yellowbook.com,Genderfluid,59.25.75.131
595,Alwin,Lippard,alippardgi@toplist.cz,Bigender,51.53.49.73
596,Lucas,Tellwright,ltellwrightgj@merriam-webster.com,Bigender,130.221.205.19
597,Bambie,Botcherby,bbotcherbygk@answers.com,Genderqueer,61.94.170.238
598,Julina,Maryon,jmaryongl@umich.edu,Non-binary,162.134.136.110
599,Elberta,Aarons,eaaronsgm@army.mil,Polygender,163.142.249.244
600,Nesta,Anfonsi,nanfonsign@simplemachines.org,Agender,57.221.15.111
601,Peyton,Dahlberg,pdahlberggo@tripod.com,Bigender,12.161.66.44
602,Garrot,Webben,gwebbengp@unicef.org,Polygender,136.171.206.127
603,Adel,Giorgione,agiorgionegq@twitter.com,Female,159.120.155.196
604,Ivie,Freeburn,ifreeburngr@blogs.com,Genderfluid,214.77.108.125
605,Madge,Nevet,mnevetgs@about.me,Genderfluid,74.230.249.167
606,Dalila,Hindes,dhindesgt@etsy.com,Genderfluid,163.117.64.241
607,Merrili,Paunton,mpauntongu@amazonaws.com,Bigender,250.126.134.110
608,Corina,Boundy,cboundygv@geocities.jp,Genderfluid,40.67.196.141
609,Shani,Calf,scalfgw@behance.net,Genderfluid,99.2.235.191
610,Nessie,Farreil,nfarreilgx@omniture.com,Male,236.240.94.189
611,Tatiania,Birtchnell,tbirtchnellgy@freewebs.com,Agender,89.185.243.122
612,Emmott,Baff,ebaffgz@newyorker.com,Genderfluid,14.196.26.231
613,Baldwin,Howard,bhowardh0@google.com,Non-binary,60.161.183.45
614,Tiffanie,Rannigan,tranniganh1@businessinsider.com,Genderfluid,132.244.49.154
615,Glyn,Dobby,gdobbyh2@cam.ac.uk,Bigender,95.104.204.149
616,Carol-jean,Basnett,cbasnetth3@sphinn.com,Bigender,173.76.4.226
617,Abie,Muncey,amunceyh4@infoseek.co.jp,Agender,70.253.39.40
618,Deanne,Slate,dslateh5@upenn.edu,Bigender,14.42.181.136
619,Nicol,Jime,njimeh6@wikia.com,Male,28.52.149.192
620,Yehudi,Roger,yrogerh7@google.it,Genderqueer,121.185.91.8
621,Lacie,Hammel,lhammelh8@miibeian.gov.cn,Agender,120.165.194.73
622,Augustine,Fison,afisonh9@wikipedia.org,Genderfluid,91.26.12.189
623,Annalee,Rendell,arendellha@nature.com,Bigender,210.110.24.199
624,Tanhya,Jarrelt,tjarrelthb@sohu.com,Genderfluid,29.47.43.158
625,Agnella,Simonutti,asimonuttihc@infoseek.co.jp,Female,227.117.251.87
626,Trever,Jahan,tjahanhd@ebay.com,Female,224.101.132.112
627,Warden,MacTrustrie,wmactrustriehe@wikispaces.com,Genderfluid,15.43.178.253
628,Roana,Askey,raskeyhf@miibeian.gov.cn,Polygender,167.223.42.251
629,Tiphani,Buckle,tbucklehg@wix.com,Male,35.41.181.28
630,Thane,Yoslowitz,tyoslowitzhh@google.com.hk,Polygender,191.85.244.79
631,Ali,O'Halligan,aohalliganhi@symantec.com,Agender,232.165.183.74
632,Gorden,Garvill,ggarvillhj@independent.co.uk,Polygender,4.102.128.249
633,Ginny,Wimpey,gwimpeyhk@prnewswire.com,Non-binary,241.152.186.2
634,Viviana,Hadigate,vhadigatehl@un.org,Agender,38.110.34.188
635,Hamnet,Philps,hphilpshm@storify.com,Non-binary,105.101.35.233
636,Temple,Goatcher,tgoatcherhn@unc.edu,Genderqueer,221.141.88.187
637,Iggy,Rosenbusch,irosenbuschho@ox.ac.uk,Female,37.126.68.155
638,Ingaborg,Hars,iharshp@homestead.com,Genderfluid,26.217.253.196
639,Doug,MacGuffog,dmacguffoghq@shop-pro.jp,Bigender,121.29.22.94
640,Sax,Bulbeck,sbulbeckhr@simplemachines.org,Bigender,127.97.4.52
641,Morna,Boliver,mboliverhs@google.com.hk,Polygender,146.187.207.57
642,Andonis,Bertolin,abertolinht@wiley.com,Genderqueer,6.164.36.63
643,Olympe,Cocking,ocockinghu@vk.com,Male,28.37.39.85
644,Louella,Conkay,lconkayhv@myspace.com,Bigender,206.205.19.193
645,Nert,Joesbury,njoesburyhw@uiuc.edu,Bigender,50.12.207.34
646,Wendye,Punter,wpunterhx@youtube.com,Genderfluid,138.199.77.30
647,Gustavus,Geffen,ggeffenhy@foxnews.com,Male,11.248.137.48
648,Ainsley,Parsand,aparsandhz@blog.com,Non-binary,107.164.169.86
649,Blondell,Lewer,bleweri0@si.edu,Polygender,190.238.115.254
650,Barth,Chillingsworth,bchillingsworthi1@miibeian.gov.cn,Agender,9.204.42.158
651,Brigida,Leynagh,bleynaghi2@techcrunch.com,Genderfluid,177.68.141.108
652,Kimberly,Barlow,kbarlowi3@ow.ly,Bigender,23.78.187.191
653,Francois,Peto,fpetoi4@trellian.com,Agender,6.24.211.101
654,Janet,Janks,jjanksi5@odnoklassniki.ru,Genderqueer,243.68.119.45
655,Nelie,Kelledy,nkelledyi6@earthlink.net,Female,3.44.14.205
656,Connie,Le Fevre,clefevrei7@artisteer.com,Genderqueer,65.174.208.13
657,Reggie,Veronique,rveroniquei8@indiegogo.com,Bigender,225.74.76.84
658,Katharine,Brislane,kbrislanei9@webnode.com,Female,224.191.80.73
659,Edee,Gipp,egippia@xrea.com,Agender,171.13.64.179
660,Tan,McTerlagh,tmcterlaghib@eepurl.com,Polygender,117.8.46.161
661,Elli,Rowbottom,erowbottomic@google.it,Genderfluid,164.25.182.252
662,Morry,Olek,molekid@ezinearticles.com,Bigender,170.49.208.211
663,Eada,Simkins,esimkinsie@msu.edu,Genderfluid,11.10.145.156
664,Cornelia,Inmett,cinmettif@go.com,Female,52.68.178.15
665,Murial,Suddick,msuddickig@mapquest.com,Agender,164.192.242.78
666,Olwen,Jiroutka,ojiroutkaih@scientificamerican.com,Bigender,248.93.162.85
667,Corene,Lorden,clordenii@fema.gov,Male,176.97.64.177
668,Chet,Hacon,chaconij@scientificamerican.com,Non-binary,209.102.101.135
669,Duke,Caulier,dcaulierik@dailymail.co.uk,Agender,218.191.222.171
670,Germaine,Whate,gwhateil@wsj.com,Genderfluid,160.177.33.154
671,Dahlia,Yve,dyveim@gnu.org,Agender,44.151.228.192
672,Corbin,Stearne,cstearnein@timesonline.co.uk,Agender,218.62.80.204
673,Dacy,Moreman,dmoremanio@engadget.com,Female,70.101.113.251
674,Geralda,Maplethorp,gmaplethorpip@joomla.org,Bigender,174.216.101.94
675,Sabra,Calken,scalkeniq@csmonitor.com,Bigender,37.238.166.151
676,Emilia,Basilotta,ebasilottair@google.co.jp,Bigender,213.249.117.165
677,Ugo,Frood,ufroodis@columbia.edu,Polygender,204.21.18.131
678,Pacorro,Iwanowicz,piwanowiczit@shutterfly.com,Polygender,187.131.33.243
679,Darbie,Geekin,dgeekiniu@tinyurl.com,Non-binary,68.177.63.207
680,Aldin,Cartlidge,acartlidgeiv@cbslocal.com,Genderqueer,213.173.169.80
681,Elinor,Camfield,ecamfieldiw@yandex.ru,Female,102.27.196.138
682,Barde,Meads,bmeadsix@istockphoto.com,Female,80.110.68.161
683,Libbi,Gunther,lguntheriy@hostgator.com,Non-binary,23.74.181.190
684,Bird,Shooter,bshooteriz@joomla.org,Genderqueer,169.112.72.130
685,Mic,Yegorshin,myegorshinj0@naver.com,Male,245.58.151.201
686,Adan,Brauninger,abrauningerj1@walmart.com,Bigender,138.75.129.152
687,Ingar,Winscum,iwinscumj2@yale.edu,Bigender,210.162.115.139
688,Dion,Langan,dlanganj3@ftc.gov,Polygender,189.92.119.165
689,Daphene,Radsdale,dradsdalej4@taobao.com,Non-binary,92.107.94.136
690,Angelo,Knolles-Green,aknollesgreenj5@elegantthemes.com,Agender,105.234.34.245
691,Ludovika,Bischop,lbischopj6@imdb.com,Female,36.105.91.145
692,Sigrid,Vasilevich,svasilevichj7@mozilla.com,Bigender,222.36.216.95
693,Beverlee,Soaper,bsoaperj8@dell.com,Non-binary,69.169.172.7
694,Dewain,McColm,dmccolmj9@redcross.org,Polygender,167.170.97.33
695,Stanton,Antrack,santrackja@yale.edu,Male,148.204.6.214
696,Friedrick,De Filippi,fdefilippijb@theatlantic.com,Polygender,208.1.13.110
697,Gian,Camp,gcampjc@blogger.com,Agender,83.231.180.51
698,Dilan,Treadgold,dtreadgoldjd@netscape.com,Non-binary,197.190.105.228
699,Hulda,Taborre,htaborreje@altervista.org,Female,245.206.195.202
700,Julietta,Glanvill,jglanvilljf@163.com,Male,145.181.218.46
701,Kirstyn,Tregido,ktregidojg@mac.com,Genderqueer,196.177.16.227
702,Danni,O'Gleasane,dogleasanejh@hugedomains.com,Non-binary,24.176.190.205
703,Saundra,Wurst,swurstji@businessweek.com,Agender,87.156.26.39
704,Ardyce,Pimbley,apimbleyjj@edublogs.org,Polygender,166.240.122.187
705,Noble,Teresa,nteresajk@arstechnica.com,Non-binary,34.140.28.47
706,Mart,Charnick,mcharnickjl@w3.org,Female,43.15.56.95
707,Kathryne,Ciccotto,kciccottojm@msn.com,Non-binary,220.180.137.130
708,Batholomew,Arntzen,barntzenjn@usnews.com,Non-binary,242.10.38.88
709,Ingram,Kilmary,ikilmaryjo@shinystat.com,Male,140.216.38.97
710,Basilius,Udell,budelljp@youtu.be,Polygender,26.160.163.218
711,Wallis,Sharpling,wsharplingjq@newsvine.com,Genderqueer,7.4.38.30
712,Elianora,Cuttle,ecuttlejr@gizmodo.com,Non-binary,111.36.237.44
713,Arvin,Liell,alielljs@meetup.com,Genderqueer,65.156.178.172
714,Melitta,Piola,mpiolajt@uol.com.br,Non-binary,202.227.5.175
715,Kordula,Walklate,kwalklateju@nature.com,Polygender,1.29.150.61
716,Rhianna,Tomanek,rtomanekjv@posterous.com,Male,9.75.87.210
717,Dorolice,Treadgear,dtreadgearjw@nationalgeographic.com,Bigender,89.234.194.132
718,Micki,Antosik,mantosikjx@moonfruit.com,Female,114.50.198.202
719,Anabella,Firbanks,afirbanksjy@exblog.jp,Genderfluid,120.96.208.35
720,Suzanne,Coltart,scoltartjz@netvibes.com,Agender,20.118.170.24
721,Donnie,Wyd,dwydk0@reference.com,Female,12.60.140.92
722,Virgilio,Brightman,vbrightmank1@livejournal.com,Genderfluid,154.21.153.186
723,Erek,Foden,efodenk2@quantcast.com,Agender,29.160.41.27
724,Lauren,Blewitt,lblewittk3@examiner.com,Bigender,119.10.116.53
725,Feodora,Sainte Paul,fsaintepaulk4@ocn.ne.jp,Bigender,220.134.224.92
726,Sylvia,Aingell,saingellk5@ning.com,Genderqueer,8.157.151.112
727,Oby,Austen,oaustenk6@ovh.net,Male,146.156.164.68
728,Germain,Foad,gfoadk7@china.com.cn,Non-binary,116.228.88.192
729,Legra,Cressey,lcresseyk8@dedecms.com,Agender,196.6.240.153
730,Loise,Gravenall,lgravenallk9@xing.com,Non-binary,34.181.93.225
731,Alessandra,Phipard-Shears,aphipardshearska@prweb.com,Female,157.46.221.242
732,Rabbi,Christaeas,rchristaeaskb@prweb.com,Polygender,27.142.63.99
733,Randolf,Milvarnie,rmilvarniekc@java.com,Non-binary,224.233.28.113
734,Jarad,Branca,jbrancakd@prlog.org,Genderqueer,178.21.165.144
735,Helenka,Glasard,hglasardke@elpais.com,Genderfluid,213.7.22.249
736,Amber,Dealtry,adealtrykf@blogtalkradio.com,Female,135.62.93.39
737,Kattie,Micka,kmickakg@1und1.de,Bigender,27.78.241.36
738,Milissent,Santry,msantrykh@weebly.com,Polygender,82.27.33.63
739,Lisetta,Grzegorzewski,lgrzegorzewskiki@nasa.gov,Male,179.158.172.185
740,Jonah,Rodman,jrodmankj@google.nl,Female,111.211.186.24
741,Dodie,Kitcher,dkitcherkk@uiuc.edu,Female,114.210.198.155
742,Bartholomeus,Denne,bdennekl@gov.uk,Agender,250.151.7.45
743,Aurelea,Connal,aconnalkm@theatlantic.com,Agender,233.6.71.255
744,Yetty,Tourville,ytourvillekn@ucsd.edu,Polygender,54.118.48.145
745,Lewiss,Spere,lspereko@mysql.com,Genderqueer,70.224.100.13
746,Margaretha,Sasser,msasserkp@sourceforge.net,Female,121.126.205.28
747,Ryun,Elson,relsonkq@hubpages.com,Genderqueer,211.51.254.133
748,Kelly,Huchot,khuchotkr@latimes.com,Genderfluid,115.250.206.21
749,Scot,Forte,sforteks@xinhuanet.com,Bigender,192.138.64.0
750,Gale,Gritland,ggritlandkt@jigsy.com,Polygender,193.59.22.57
751,Penelopa,Goodby,pgoodbyku@paypal.com,Agender,80.8.136.182
752,Rem,Steanyng,rsteanyngkv@xinhuanet.com,Agender,234.214.152.184
753,Tait,Canfield,tcanfieldkw@alexa.com,Female,203.128.64.31
754,Imogen,Vise,ivisekx@youku.com,Non-binary,180.199.54.211
755,Sadye,Thomesson,sthomessonky@toplist.cz,Genderfluid,40.225.144.129
756,Jaime,Daveley,jdaveleykz@meetup.com,Genderqueer,167.81.74.108
757,Sherrie,Elan,selanl0@seesaa.net,Polygender,62.139.47.83
758,Tine,Domange,tdomangel1@sun.com,Non-binary,140.86.187.99
759,Eleni,Hirschmann,ehirschmannl2@tiny.cc,Genderqueer,232.163.85.137
760,Myrna,Brackenridge,mbrackenridgel3@gov.uk,Agender,6.76.7.123
761,Marcelle,Mogra,mmogral4@fema.gov,Male,139.80.192.8
762,Kittie,Delap,kdelapl5@naver.com,Non-binary,103.52.240.244
763,Aldous,McAvinchey,amcavincheyl6@furl.net,Agender,229.109.242.49
764,Salvador,Sysland,ssyslandl7@addtoany.com,Non-binary,133.100.24.247
765,Aeriell,Sunter,asunterl8@pagesperso-orange.fr,Agender,12.43.27.41
766,Derward,Dulinty,ddulintyl9@buzzfeed.com,Non-binary,108.142.254.106
767,Morna,Dowbakin,mdowbakinla@un.org,Agender,43.202.211.39
768,Alexine,Kennaird,akennairdlb@elpais.com,Genderfluid,19.38.131.98
769,Xavier,Mangenot,xmangenotlc@acquirethisname.com,Polygender,158.228.57.148
770,Dominica,Arnaudot,darnaudotld@senate.gov,Non-binary,190.81.27.135
771,Ely,Whiterod,ewhiterodle@networkadvertising.org,Genderqueer,154.104.43.94
772,Ebony,Sharpley,esharpleylf@toplist.cz,Bigender,240.184.33.94
773,Claudell,Napolione,cnapolionelg@desdev.cn,Polygender,26.83.28.179
774,Marget,Simants,msimantslh@dell.com,Non-binary,157.59.136.143
775,Cynthy,Sofe,csofeli@scientificamerican.com,Male,99.67.219.76
776,Truman,Gaffey,tgaffeylj@hud.gov,Genderqueer,124.103.73.216
777,Sascha,Butland,sbutlandlk@boston.com,Male,23.190.90.167
778,Vladamir,Sutterby,vsutterbyll@cdc.gov,Non-binary,114.179.205.83
779,Chastity,Toye,ctoyelm@pcworld.com,Male,198.168.20.237
780,Shaun,Hazley,shazleyln@i2i.jp,Non-binary,103.226.129.105
781,Cart,Darell,cdarelllo@cam.ac.uk,Female,212.183.158.107
782,Heida,Hemerijk,hhemerijklp@washingtonpost.com,Genderqueer,112.73.48.66
783,Bibby,Tadgell,btadgelllq@slate.com,Genderqueer,109.139.200.210
784,Faina,Carslaw,fcarslawlr@geocities.jp,Genderqueer,182.199.26.38
785,Agnese,Renol,arenolls@51.la,Genderqueer,187.229.5.58
786,Zulema,Bernardeschi,zbernardeschilt@nih.gov,Agender,116.231.19.90
787,Laurie,Birkin,lbirkinlu@aol.com,Polygender,32.10.3.106
788,Ike,Probbing,iprobbinglv@flavors.me,Non-binary,41.64.106.145
789,Silvia,Rieflin,srieflinlw@com.com,Bigender,190.131.24.24
790,Matthiew,Iseton,misetonlx@blinklist.com,Genderqueer,132.139.3.173
791,Klarika,Philipet,kphilipetly@acquirethisname.com,Male,253.77.7.83
792,Sibel,Urlin,surlinlz@trellian.com,Genderqueer,222.137.186.226
793,Humfrid,Grishankov,hgrishankovm0@bravesites.com,Genderqueer,175.79.254.88
794,Marcelo,Braisby,mbraisbym1@walmart.com,Male,45.125.90.152
795,Katina,MacNally,kmacnallym2@dion.ne.jp,Bigender,68.244.107.245
796,Murdoch,Wolverson,mwolversonm3@apache.org,Agender,171.204.222.45
797,Elihu,Kyteley,ekyteleym4@wired.com,Male,50.38.100.87
798,Randa,Newberry,rnewberrym5@disqus.com,Agender,9.98.95.108
799,Broddie,Brussell,bbrussellm6@wikimedia.org,Polygender,112.121.241.212
800,Mayer,Caiger,mcaigerm7@reference.com,Genderqueer,114.152.101.24
801,Alverta,Kruschev,akruschevm8@gnu.org,Genderqueer,200.216.46.155
802,Lesli,Ahrendsen,lahrendsenm9@wired.com,Genderfluid,22.179.59.165
803,Hedy,Slayton,hslaytonma@4shared.com,Agender,145.130.36.218
804,Germayne,Bootell,gbootellmb@unicef.org,Agender,35.200.116.199
805,Rees,Stryde,rstrydemc@washingtonpost.com,Genderqueer,76.45.178.45
806,Ofelia,Oolahan,ooolahanmd@uol.com.br,Agender,20.76.241.214
807,Muriel,Gladdor,mgladdorme@is.gd,Male,2.218.240.253
808,Karie,Millan,kmillanmf@icq.com,Male,91.212.183.164
809,Angeli,Lefeuvre,alefeuvremg@java.com,Agender,59.221.96.81
810,Winnah,Harrie,wharriemh@netlog.com,Genderqueer,189.55.193.210
811,Phillie,Sinnie,psinniemi@sakura.ne.jp,Genderqueer,159.61.206.194
812,Seymour,McEneny,smcenenymj@yandex.ru,Agender,125.40.175.156
813,Jamill,Merrgan,jmerrganmk@wsj.com,Bigender,144.75.45.16
814,Ase,Druce,adruceml@networksolutions.com,Bigender,173.136.130.33
815,Garner,Ickovicz,gickoviczmm@patch.com,Female,237.3.238.188
816,Verge,Cowx,vcowxmn@globo.com,Polygender,4.4.244.177
817,Lilith,Skahill,lskahillmo@gmpg.org,Female,94.224.245.72
818,Bev,Kupker,bkupkermp@tumblr.com,Non-binary,100.145.4.51
819,Vinni,Baudone,vbaudonemq@mlb.com,Genderqueer,151.191.18.235
820,Kaela,Lutsch,klutschmr@google.de,Polygender,244.35.103.193
821,Emmalynn,Dummer,edummerms@blinklist.com,Female,147.5.30.222
822,Carola,Willoughey,cwillougheymt@jigsy.com,Male,46.109.234.53
823,Hedvig,Rugieri,hrugierimu@ustream.tv,Non-binary,226.110.193.11
824,Allyn,Biddiss,abiddissmv@ox.ac.uk,Female,106.147.143.155
825,Doria,Kelby,dkelbymw@bizjournals.com,Agender,163.194.113.253
826,Wolf,Grzegorek,wgrzegorekmx@cbc.ca,Non-binary,117.117.140.202
827,Kassi,Fettes,kfettesmy@techcrunch.com,Non-binary,240.197.38.114
828,Karlens,Ricker,krickermz@eventbrite.com,Female,75.17.193.73
829,Bobbe,Piotr,bpiotrn0@cargocollective.com,Genderfluid,144.59.120.190
830,Claudette,Duck,cduckn1@facebook.com,Non-binary,206.221.219.61
831,Olympia,Keywood,okeywoodn2@mashable.com,Male,213.220.16.44
832,Dyanne,Pedri,dpedrin3@360.cn,Non-binary,217.109.165.35
833,Ailene,Cornall,acornalln4@php.net,Agender,217.101.61.55
834,Eolande,Pilpovic,epilpovicn5@sciencedirect.com,Female,224.130.142.93
835,Boothe,Arrundale,barrundalen6@timesonline.co.uk,Female,41.246.133.136
836,Madelaine,Copelli,mcopellin7@people.com.cn,Bigender,125.34.109.179
837,Stephani,McNeice,smcneicen8@loc.gov,Female,159.64.221.219
838,Koressa,Langham,klanghamn9@desdev.cn,Non-binary,108.29.110.171
839,Hayes,Purnell,hpurnellna@dropbox.com,Polygender,115.109.109.151
840,Shela,Goodright,sgoodrightnb@altervista.org,Bigender,131.123.99.183
841,Addison,Molyneux,amolyneuxnc@apple.com,Polygender,226.31.41.86
842,Lucas,Dax,ldaxnd@mtv.com,Agender,23.168.65.174
843,Heloise,Swinyard,hswinyardne@alibaba.com,Female,203.241.197.77
844,Tabbie,Campey,tcampeynf@addtoany.com,Genderfluid,77.174.113.147
845,Abra,Towse,atowseng@craigslist.org,Non-binary,9.173.155.28
846,Fredi,Durning,fdurningnh@engadget.com,Non-binary,16.113.89.204
847,Mick,Chisholm,mchisholmni@biblegateway.com,Male,37.185.235.58
848,Minerva,Braam,mbraamnj@nba.com,Bigender,157.169.223.179
849,Chase,Lorent,clorentnk@artisteer.com,Male,189.80.201.123
850,Zared,Drury,zdrurynl@google.com.au,Female,57.193.205.76
851,Alexi,Kennealy,akennealynm@miitbeian.gov.cn,Bigender,58.79.131.32
852,Tarra,Calton,tcaltonnn@bloglines.com,Genderfluid,214.167.145.115
853,Kay,Cannaway,kcannawayno@dyndns.org,Polygender,14.17.159.66
854,Philip,Labram,plabramnp@delicious.com,Male,86.105.131.253
855,Reinhold,Grinval,rgrinvalnq@cbc.ca,Polygender,174.204.128.236
856,Tessa,Livezley,tlivezleynr@qq.com,Genderqueer,145.179.145.224
857,Deborah,Dorton,ddortonns@ftc.gov,Genderfluid,103.191.188.148
858,Alwyn,Krystek,akrysteknt@springer.com,Polygender,147.80.101.236
859,Linea,Robertis,lrobertisnu@lulu.com,Bigender,140.30.210.153
860,Forrester,Landsberg,flandsbergnv@apple.com,Genderqueer,181.39.2.156
861,Kippie,Buche,kbuchenw@constantcontact.com,Agender,191.245.84.157
862,Cherrita,Pucknell,cpucknellnx@youtu.be,Genderqueer,46.22.170.50
863,Dave,Lax,dlaxny@etsy.com,Genderqueer,195.189.15.125
864,Brook,McEvoy,bmcevoynz@g.co,Agender,46.157.213.109
865,Carlin,Gutcher,cgutchero0@oaic.gov.au,Female,99.94.14.14
866,Hasheem,Potapczuk,hpotapczuko1@dedecms.com,Genderqueer,30.207.184.157
867,Audrey,Jeness,ajenesso2@weebly.com,Genderqueer,218.134.254.117
868,Ansley,Howson,ahowsono3@cmu.edu,Genderqueer,76.122.176.62
869,Lynsey,Redmile,lredmileo4@barnesandnoble.com,Genderfluid,15.52.250.94
870,Alaric,Ferrillo,aferrilloo5@wsj.com,Polygender,187.88.107.224
871,Nelli,Woofinden,nwoofindeno6@imdb.com,Genderqueer,136.23.17.203
872,Mel,Elderidge,melderidgeo7@home.pl,Female,184.249.162.31
873,Billy,Carah,bcaraho8@gov.uk,Agender,75.107.213.217
874,Elladine,Luxton,eluxtono9@rambler.ru,Bigender,14.35.52.7
875,Rafaelia,Fenelon,rfenelonoa@artisteer.com,Genderqueer,247.184.223.185
876,Vivian,Tallach,vtallachob@google.com,Polygender,89.243.213.126
877,Auguste,Fowkes,afowkesoc@dell.com,Agender,43.105.41.104
878,Cosetta,Calan,ccalanod@blog.com,Polygender,61.120.47.78
879,Orella,Cuesta,ocuestaoe@flickr.com,Polygender,163.227.219.24
880,Janaye,Loalday,jloaldayof@dell.com,Female,147.107.100.16
881,Tessy,Seal,tsealog@apple.com,Polygender,247.48.131.176
882,Suzette,Lillicrop,slillicropoh@guardian.co.uk,Agender,90.125.171.183
883,Zena,Fencott,zfencottoi@typepad.com,Agender,145.177.159.0
884,Aldous,McQuade,amcquadeoj@patch.com,Bigender,18.163.67.20
885,Selene,Meers,smeersok@si.edu,Polygender,0.244.196.201
886,Rodi,Dumbelton,rdumbeltonol@fc2.com,Male,105.74.9.219
887,Vladamir,Aubri,vaubriom@cnn.com,Non-binary,165.25.62.26
888,Brenden,Harback,bharbackon@marriott.com,Genderfluid,40.210.145.227
889,Horst,McCormick,hmccormickoo@elpais.com,Genderqueer,244.107.130.179
890,Nappy,Elflain,nelflainop@163.com,Genderqueer,4.38.145.200
891,Birch,Pencott,bpencottoq@networksolutions.com,Non-binary,242.14.246.146
892,Garv,Reboulet,grebouletor@bbb.org,Female,224.84.248.150
893,Reta,Greenhill,rgreenhillos@wufoo.com,Genderfluid,213.48.168.78
894,Zelig,Jezard,zjezardot@mashable.com,Female,111.17.28.158
895,Willdon,Willcock,wwillcockou@amazon.de,Female,157.183.62.151
896,Andonis,Purvis,apurvisov@tmall.com,Agender,248.84.68.16
897,Cissiee,Garcia,cgarciaow@phpbb.com,Genderqueer,174.145.13.143
898,Torey,Aldwinckle,taldwinckleox@tinypic.com,Genderfluid,22.16.143.29
899,Tobe,Willes,twillesoy@newyorker.com,Non-binary,155.16.177.228
900,Mab,Laban,mlabanoz@harvard.edu,Female,225.8.131.184
901,Noland,Butten,nbuttenp0@google.it,Genderfluid,72.90.60.99
902,Brett,Foulis,bfoulisp1@vinaora.com,Male,114.189.56.96
903,Ramsey,Grisdale,rgrisdalep2@zdnet.com,Polygender,35.75.113.100
904,Jdavie,Blindmann,jblindmannp3@vkontakte.ru,Genderqueer,11.227.63.51
905,Vittorio,Sibthorp,vsibthorpp4@usa.gov,Non-binary,175.70.85.82
906,Isaac,Hakonsson,ihakonssonp5@devhub.com,Genderqueer,27.196.21.74
907,Antonetta,Matley,amatleyp6@sitemeter.com,Polygender,51.91.201.27
908,Dewey,Cardinale,dcardinalep7@senate.gov,Female,33.171.192.49
909,Justinn,Westbrook,jwestbrookp8@bigcartel.com,Agender,188.66.62.246
910,Cecil,Pridie,cpridiep9@utexas.edu,Genderfluid,110.239.31.203
911,Olympia,Dullingham,odullinghampa@live.com,Agender,254.241.197.135
912,Starr,Arnell,sarnellpb@technorati.com,Genderqueer,12.173.57.19
913,Hillie,Hatherley,hhatherleypc@tumblr.com,Female,15.245.24.159
914,Reggie,Canner,rcannerpd@ehow.com,Polygender,13.175.186.185
915,Esra,Falla,efallape@booking.com,Genderqueer,31.59.95.144
916,Nelle,Penrice,npenricepf@umich.edu,Genderfluid,181.182.145.138
917,Liana,Clempton,lclemptonpg@nytimes.com,Genderfluid,208.79.239.72
918,Isidro,Takle,itakleph@woothemes.com,Non-binary,169.127.115.67
919,Anastasia,Mussen,amussenpi@redcross.org,Agender,141.128.136.61
920,Aldo,Somers,asomerspj@hud.gov,Polygender,248.79.43.25
921,Jessica,Ruegg,jrueggpk@seattletimes.com,Genderfluid,1.52.232.206
922,Viki,Dubois,vduboispl@vk.com,Male,172.162.254.22
923,Robinet,Thistleton,rthistletonpm@jugem.jp,Bigender,93.252.74.171
924,Dulcie,Crackett,dcrackettpn@smugmug.com,Genderfluid,221.185.64.179
925,Deb,Garvill,dgarvillpo@hc360.com,Non-binary,240.245.244.119
926,Mohandis,Jermey,mjermeypp@google.nl,Bigender,69.226.113.200
927,Deck,Kliemchen,dkliemchenpq@economist.com,Genderqueer,93.100.211.208
928,Robbie,Davis,rdavispr@dot.gov,Female,80.126.25.54
929,Malory,Wozencroft,mwozencroftps@foxnews.com,Polygender,184.43.167.108
930,Danie,Fowler,dfowlerpt@who.int,Agender,163.106.250.12
931,Novelia,Arundel,narundelpu@dell.com,Female,46.72.57.3
932,Mathilde,Vedyashkin,mvedyashkinpv@bizjournals.com,Genderfluid,244.157.85.49
933,Mame,Tucknutt,mtucknuttpw@slideshare.net,Polygender,244.185.59.89
934,Lynett,Staterfield,lstaterfieldpx@wsj.com,Bigender,240.100.230.78
935,Roda,Harlock,rharlockpy@ow.ly,Female,47.178.223.227
936,Alexi,Wilderspoon,awilderspoonpz@hugedomains.com,Male,143.60.48.8
937,Tine,Patriche,tpatricheq0@discuz.net,Bigender,10.52.74.65
938,Norean,Stearley,nstearleyq1@globo.com,Non-binary,236.135.69.2
939,Artemis,Rospars,arosparsq2@is.gd,Non-binary,71.52.49.35
940,Fae,Pourvoieur,fpourvoieurq3@huffingtonpost.com,Genderqueer,195.34.97.65
941,Tailor,MacCosto,tmaccostoq4@who.int,Agender,255.75.76.222
942,Rubetta,Bridell,rbridellq5@slashdot.org,Female,28.35.137.57
943,Phyllys,Childers,pchildersq6@dmoz.org,Agender,235.163.241.170
944,Dominique,Ivanshintsev,divanshintsevq7@altervista.org,Agender,99.251.172.48
945,Miltie,Fitzsymonds,mfitzsymondsq8@imageshack.us,Non-binary,11.46.187.222
946,Debora,Eagan,deaganq9@slate.com,Genderfluid,131.183.230.193
947,Jeromy,Sterke,jsterkeqa@ihg.com,Bigender,14.240.67.123
948,Lane,Medcalfe,lmedcalfeqb@businessweek.com,Genderfluid,24.45.30.31
949,Eldridge,Yellowlee,eyellowleeqc@google.com.au,Genderqueer,142.177.21.13
950,Kliment,Wessell,kwessellqd@discovery.com,Genderfluid,247.29.75.222
951,Broderic,Dunridge,bdunridgeqe@diigo.com,Female,94.254.214.236
952,Carolyne,Spinke,cspinkeqf@multiply.com,Non-binary,38.202.6.14
953,Andris,Whear,awhearqg@msn.com,Bigender,28.24.143.249
954,Mirella,De Francisci,mdefrancisciqh@vkontakte.ru,Polygender,250.63.182.167
955,Bethina,Mourant,bmourantqi@forbes.com,Polygender,17.79.122.205
956,Stanly,Melonby,smelonbyqj@amazon.co.uk,Bigender,36.158.148.41
957,Esther,Cristofori,ecristoforiqk@yahoo.co.jp,Non-binary,190.70.235.219
958,Natal,Kinworthy,nkinworthyql@miibeian.gov.cn,Female,250.251.67.40
959,Rickey,MacMearty,rmacmeartyqm@wikia.com,Bigender,120.117.24.75
960,Vonni,Murrison,vmurrisonqn@booking.com,Non-binary,168.48.159.137
961,Nicky,Byres,nbyresqo@wordpress.org,Agender,10.81.94.165
962,Nicoline,Cowpland,ncowplandqp@ucla.edu,Polygender,132.4.203.12
963,Edita,Goodrich,egoodrichqq@nydailynews.com,Agender,105.139.82.136
964,Shaun,Wynes,swynesqr@webnode.com,Genderqueer,14.174.31.110
965,Goldia,Thaine,gthaineqs@bloglovin.com,Genderqueer,252.130.233.153
966,Westleigh,Shevelin,wshevelinqt@skype.com,Polygender,144.26.20.3
967,Simonette,Charrette,scharrettequ@uol.com.br,Male,117.255.79.115
968,Charmion,Pitfield,cpitfieldqv@buzzfeed.com,Genderfluid,156.246.16.226
969,Tabbitha,Navaro,tnavaroqw@berkeley.edu,Genderfluid,16.254.87.141
970,Mari,Artis,martisqx@washington.edu,Non-binary,18.161.233.74
971,Devi,Eyckelberg,deyckelbergqy@printfriendly.com,Non-binary,105.240.217.33
972,Byrle,Poyzer,bpoyzerqz@japanpost.jp,Bigender,85.231.233.127
973,Nathanial,Meeson,nmeesonr0@smh.com.au,Agender,252.191.181.14
974,Karil,Korda,kkordar1@t.co,Genderfluid,172.72.106.63
975,Harli,Janovsky,hjanovskyr2@ehow.com,Genderqueer,235.134.142.240
976,Rice,Tidmarsh,rtidmarshr3@biblegateway.com,Female,244.224.175.9
977,Cherish,Nickols,cnickolsr4@so-net.ne.jp,Non-binary,15.152.54.209
978,Felice,Wilbor,fwilborr5@google.co.uk,Non-binary,68.238.97.238
979,Colby,Degli Antoni,cdegliantonir6@cocolog-nifty.com,Polygender,76.120.46.109
980,Giorgio,Gunnell,ggunnellr7@alexa.com,Bigender,82.79.203.78
981,Anet,Sedgwick,asedgwickr8@ca.gov,Female,5.95.32.197
982,Rick,Chown,rchownr9@yelp.com,Non-binary,147.124.70.223
983,Cristine,Muro,cmurora@creativecommons.org,Male,144.154.165.105
984,Olimpia,Heugel,oheugelrb@dot.gov,Polygender,120.149.68.74
985,Darrelle,Torald,dtoraldrc@hud.gov,Agender,120.226.190.23
986,Francine,Lowrey,flowreyrd@ed.gov,Genderqueer,77.0.36.7
987,Ninnette,Pilch,npilchre@chicagotribune.com,Agender,64.53.238.42
988,Halette,Haruard,hharuardrf@issuu.com,Bigender,157.11.213.169
989,Tabbitha,Janzen,tjanzenrg@360.cn,Non-binary,251.32.70.28
990,Alexandrina,Ind,aindrh@uiuc.edu,Agender,45.118.137.59
991,Jolyn,Geratasch,jgerataschri@simplemachines.org,Genderfluid,152.142.87.84
992,Brantley,Donke,bdonkerj@ucoz.ru,Male,33.137.21.122
993,Corey,Parkin,cparkinrk@umn.edu,Non-binary,21.156.84.238
994,Conway,Cadlock,ccadlockrl@ehow.com,Female,104.192.174.243
995,Frasco,Fullun,ffullunrm@eventbrite.com,Female,252.30.52.145
996,Reggi,Bridgewater,rbridgewaterrn@netlog.com,Male,237.215.162.186
997,Shaine,Dulson,sdulsonro@opera.com,Agender,16.151.80.119
998,Barbabra,McKiddin,bmckiddinrp@gov.uk,Agender,97.154.53.127
999,Carl,Titterington,ctitteringtonrq@a8.net,Polygender,74.117.24.244
1000,Meg,Rampling,mramplingrr@geocities.com,Bigender,218.63.7.137
